<odoo> 
    <data noupdate="1">
        <record id="sequence_number" model="ir.sequence">
            <field name="name">Appointment Sequence Number</field>
            <field name="code">patient.sequence.number</field>
            <field name="active">TRUE</field>
            <field name="prefix">SQ</field>
            <field name="padding">5</field>
            <field name="number_next">10001</field>
            <field name="number_increment">1</field>
            <!-- <field name="company_id" eval="False"></field> -->
        </record>
    </data>
</odoo>
