id,name,model_id:id,group_id:id,perm_read,perm_write,perm_create,perm_unlink

access_notes_notes_user,notes.notes,model_notes_notes,hospital_system_management.group_users_users,1,0,1,1
access_notes_notes_domain,notes.notes,model_notes_notes,hospital_system_management.group_users_cust,1,0,1,0
access_notes_notes_decent,notes.notes,model_notes_notes,hospital_system_management.group_users_dec,1,1,0,0
access_notes_notes_meta,notes.notes,model_notes_notes,hospital_system_management.group_users_meta,1,0,1,0
access_notes_notes_beta,notes.notes,model_notes_notes,hospital_system_management.group_users_beta,1,0,0,1
access_notes_notes_hexa,notes.notes,model_notes_notes,hospital_system_management.group_users_hexa,1,0,1,1

access_patient_appointment_user,patient.appointment,model_patient_appointment,hospital_system_management.group_doctor_patient,1,1,1,1
access_doctor_doctor_user,doctor.doctor,model_doctor_doctor,hospital_system_management.group_doctor_doctor,1,1,1,1


access_patient_patient_user,patient.patient,model_patient_patient,base.group_user,1,1,1,1
access_patient_patient_lines_user,patient.patient.lines,model_patient_patient_lines,base.group_user,1,1,1,1


access_hr_applicant_lines_user,hr.applicant.lines,model_hr_applicant_lines,base.group_user,1,1,1,1
