<?xml version="1.0" encoding="UTF-8" ?>
<odoo>
    
    <record model="ir.module.category" id="module_category_notes">
        <field name="name">User Actions</field>
        <field name="description">Accessing of the Patients</field>
    </record>
 
    <record id="group_users_users" model="res.groups">
        <field name="name">users</field>
        <field name="category_id" ref="module_category_notes" />
    </record>
    
    <record model="res.groups" id="group_users_cust">
        <field name="name">second_user</field>
        <field name="category_id" ref="module_category_notes" />
    </record>  
    
    <record model="res.groups" id="group_users_dec">
        <field name="name">third_user</field>
        <field name="category_id" ref="module_category_notes" />
    </record>   
    
    
    <record model="res.groups" id="group_users_meta">
        <field name="name">fourth_user</field>
        <field name="category_id" ref="module_category_notes" />
    </record> 
    
    <record model="res.groups" id="group_users_beta">
        <field name="name">fifth_user</field>
        <field name="category_id" ref="module_category_notes" />
    </record> 
       
    <record model="res.groups" id="group_users_hexa">
        <field name="name">sixth_user</field>
        <field name="category_id" ref="module_category_notes" />
    </record>

</odoo>