<odoo>
<record model="ir.module.category" id="module_category_doctor">
    <field name="name">Hospital Management</field>
    <field name="description">Appropriate Patients</field>
</record>
<record id="group_doctor_doctor" model="res.groups">
    <field name="name">Doctor</field>
    <field name="category_id" ref="module_category_doctor" />
</record>
<record model="ir.rule" id="see_his_own_doctor">
    <field name="name">See only His Doctor</field>
    <field name="model_id" ref="model_doctor_doctor"></field>
    <field name="domain_force">[('dname.id','=',user.id)]</field>
    <field name="groups" eval="[(4, ref('group_doctor_doctor'))]"/>
    <field name="perm_create" eval="1"/>
    <field name="perm_write" eval="1"/>
    <field name="perm_unlink" eval="1"/>
    <field name="perm_read" eval="1"/>
</record>
<record id="group_doctor_patient" model="res.groups">
        <field name="name">Patient</field>
        <field name="category_id" ref="module_category_doctor" />
        <!-- <field name="implied_ids" eval="[(4, ref('group_doctor_doctor'))]"/> -->
</record> 
<record model="ir.rule" id="see_his_own_patient">
    <field name="name">See only His patients</field>
    <field name="model_id" ref="model_patient_appointment"></field>
    <field name="domain_force">[('patient.id','=',user.id)]</field>
    <field name="groups" eval="[(4, ref('group_doctor_patient'))]"/>
    <field name="perm_create" eval="1"/>
    <field name="perm_write" eval="1"/>
    <field name="perm_unlink" eval="1"/>
    <field name="perm_read" eval="1"/>
</record>
</odoo>