<?xml version="1.0" encoding="UTF-8" ?>

<odoo>

   <!-- <record model = 'ir.module.category' id= 'module_category_company_details'>
    <field name = 'name'>Company User Catogory</field>
    <field name = 'description'>Category for Company User</field>
   </record> -->

    <record id = 'group_company_details' model= 'res.groups'>
        <field name = 'name'>Recruiter</field>
        <!-- <field name = 'category_id' ref = 'module_category_company_details'/> -->
        </record>
       
     <record id = "Recruiter_users" model = "ir.rule"> 
        <field name = "name"> User can only see his / her details</field> 
        <field name = "model_id" ref = "model_company_details" /> 
        <field name="domain_force">[('recruiter','=',user.id)]</field>
        <field name = "groups" eval = "[(4, ref ('colab_management.group_company_details'))]" /> 
        <field name = "perm_read" eval = "True" /> 
        <field name = "perm_write" eval = "True" /> 
        <field name = "perm_create" eval = "True" />    
        <field name = "perm_unlink" eval = "True" /> 
     </record> 

     <record id="group_job_mains" model="res.groups">
        <field name="name">JD</field>
    </record>
    <record model="ir.rule" id="job_allocations">
        <field name="name">Recruiter See Only his Job Positions</field>
        <field name="model_id" ref="model_hr_job"></field>
        <field name="domain_force">[('user_id','=',user.id)]</field>
        <field name="groups" eval="[(4, ref('colab_management.group_job_mains'))]"/>
        <field name="perm_create" eval="1"/>
        <field name="perm_write" eval="1"/>
        <field name="perm_unlink" eval="1"/>
        <field name="perm_read" eval="1"/>
    </record>
</odoo>