<?xml version="1.0" encoding="UTF-8" ?>

<odoo>

 
     <record id="group_hr_job" model="res.groups">
        <field name="name">Job desc</field>
    </record>
    <record model="ir.rule" id="job_description_ids">
        <field name="name">Recruiter See Only his Job description</field>
        <field name="model_id" ref="model_hr_job"></field>
        <field name="domain_force">['|',('user_id','=',user.id),('user_id','=',False)]</field>
        <field name="groups" eval="[(4, ref('colab_management.group_hr_job'))]"/>
        <!-- <field name="implied_ids" eval="[(4,ref('base.group_user')),(4, ref('colab_management.group_job_description'))]"/>  -->
        <field name="perm_create" eval="1"/>
        <field name="perm_write" eval="1"/>
        <field name="perm_unlink" eval="1"/>
        <field name="perm_read" eval="1"/>
    </record>
</odoo>
<!--  ['|',('id','=',user.id),('id','=',False)],('user_id','!=',False) eval="[(4,ref('base.group_user')),(4,ref('hr.group_hr_user'))] -->