<odoo>
    <record model="ir.module.category" id="module_hr_job">
        <field name="name">Job Allocation</field>
        <field name="description">Appropriate job</field>
    </record>

    <!-- <record id="group_job_main" model="res.groups">
        <field name="name">JD</field>
        <field name="category_id" ref="module_hr_job" />
    </record>
    <record model="ir.rule" id="job_allocation">
        <field name="name">Recruiter See Only his Job Positions</field>
        <field name="model_id" ref="model_hr_job"></field>
        <field name="domain_force">[('user_id','=',user.id)]</field>
        <field name="groups" eval="[(4, ref('colab_management.group_job_main'))]"/>
        <field name="perm_create" eval="1"/>
        <field name="perm_write" eval="1"/>
        <field name="perm_unlink" eval="1"/>
        <field name="perm_read" eval="1"/>
    </record> -->

    <record id="group_dummy" model="res.groups">
        <field name="name">JOB</field>
        <field name="category_id" ref="module_hr_job" />
    </record>

    <record model="ir.rule" id="dummy">
        <field name="name">See all jobs</field>
        <field name="model_id" ref="model_hr_job"></field>
        <field name="domain_force"></field>
        <field name="groups" eval="[(4, ref('group_dummy'))]"/>
        <field name="perm_create" eval="1"/>
        <field name="perm_write" eval="1"/>
        <field name="perm_unlink" eval="1"/>
        <field name="perm_read" eval="1"/>
    </record>
</odoo>