<?xml version="1.0" encoding="utf-8"?>


<odoo>

    <record model="ir.module.category" id="module_hr_application">
        <field name="name">Recruiter</field>
        <field name="description">Appropriate Patients</field>
    </record>

    <record id="group_job_companys" model="res.groups">
        <field name="name">Company</field>
        <field name="category_id" ref="module_hr_application" />
    </record>
    
    <record id="group_job_posotions_assigned" model="res.groups">
        <field name="name">Job Positions</field>
        <field name="category_id" ref="module_hr_application" />
    </record>

    <record model="ir.rule" id="see_his_own_doctors">
        <field name="name">See Only His Application</field>
        <field name="model_id" ref="model_hr_applicant"></field>
        <field name="domain_force">[('user_id.id','=',user.id)]</field>
        <field name="groups" eval="[(4, ref('group_job_companys'))]"/>
        <field name="perm_create" eval="1"/>
        <field name="perm_write" eval="1"/>
        <field name="perm_unlink" eval="1"/>
        <field name="perm_read" eval="1"/>
    </record>

    <record model="ir.rule" id="see_only_his_job_positions">
        <field name="name">See all</field>
        <field name="model_id" ref="model_hr_job"></field>
        <field name="domain_force"></field>
        <field name="groups" eval="[(4, ref('group_job_posotions_assigned'))]"/>
        <field name="perm_create" eval="1"/>
        <field name="perm_write" eval="1"/>
        <field name="perm_unlink" eval="1"/>
        <field name="perm_read" eval="1"/>
    </record>
   
</odoo> 